TimeStamps,AnkleAccelerometer,,,AnkleAngularVelocity,,,AnkleLuminosity,RightPocketAccelerometer,,,RightPocketAngularVelocity,,,RightPocketLuminosity,BeltAccelerometer,,,BeltAngularVelocity,,,BeltLuminosity,NeckAccelerometer,,,NeckAngularVelocity,,,NeckLuminosity,WristAccelerometer,,,WristAngularVelocity,,,WristLuminosity,BrainSensor,Infrared1,Infrared2,Infrared3,Infrared4,Infrared5,Infrared6,Subject,Activity,Trial
,x-axis (g),y-axis (g),z-axis (g),x-axis (deg/s),y-axis (deg/s),z-axis (deg/s),illuminance (lx),x-axis (g),y-axis (g),z-axis (g),x-axis (deg/s),y-axis (deg/s),z-axis (deg/s),illuminance (lx),x-axis (g),y-axis (g),z-axis (g),x-axis (deg/s),y-axis (deg/s),z-axis (deg/s),illuminance (lx),x-axis (g),y-axis (g),z-axis (g),x-axis (deg/s),y-axis (deg/s),z-axis (deg/s),illuminance (lx),x-axis (g),y-axis (g),z-axis (g),x-axis (deg/s),y-axis (deg/s),z-axis (deg/s),illuminance (lx),,,,,,,
2018-07-09T13:54:43.769556,0.967,-0.086,0.042,-0.976,-1.22,1.28,403.658,-0.412,-0.203,-0.847,3.78,3.902,-0.976,8.414,0.023,0.918,-0.306,5.976,-2.805,-1.098,721.491,-0.477,0.053,-0.954,1.768,4.39,3.415,171.254,0.915,0.214,0.315,-28.963,-2.683,5.305,792.461,18,1,1,1,1,1,1,10,9,2,7
2018-07-09T13:54:43.825706,0.967,-0.089,0.039,-0.915,-0.549,0.854,403.658,-0.412,-0.203,-0.847,4.207,4.634,-1.341,8.414,0.023,0.918,-0.306,11.341,-4.085,-2.988,721.491,-0.477,0.053,-0.954,2.988,4.085,1.829,171.254,0.928,0.142,0.27,-37.744,-2.927,9.512,792.461,107,1,1,1,1,1,1,10,9,2,7
2018-07-09T13:54:43.879348,0.968,-0.088,0.038,-0.671,0.122,0.183,403.658,-0.414,-0.204,-0.854,3.841,4.512,-1.28,8.414,0.015,0.905,-0.32,15.61,-5.915,-4.573,721.491,-0.477,0.051,-0.957,3.841,4.634,0,171.254,0.948,0.13,0.235,-26.159,-0.305,0.671,792.461,0,1,1,1,1,1,1,10,9,2,7
2018-07-09T13:54:43.931989,0.968,-0.088,0.038,-0.671,0.244,0.122,403.658,-0.414,-0.204,-0.854,2.927,3.963,-0.671,8.414,0.024,0.921,-0.314,3.049,-1.341,0.427,721.491,-0.441,0.06,-0.983,2.805,10.488,-8.72,171.254,0.948,0.13,0.235,-21.098,0.427,-3.537,792.461,59,1,1,1,1,1,1,10,9,2,7
2018-07-09T13:54:44.268630,0.974,-0.086,0.027,-1.402,3.841,4.146,403.658,-0.28,-0.211,-0.815,3.78,9.939,-3.171,8.414,0.066,0.871,-0.294,15.061,-8.415,-0.244,721.491,-0.553,0.049,-0.821,-1.829,-16.098,12.988,171.254,0.916,0.073,0.273,2.683,-9.268,-1.89,792.461,45,1,1,1,1,1,1,10,9,2,7
2018-07-09T13:54:44.317762,0.975,-0.104,0.032,-6.402,12.927,2.622,403.658,-0.28,-0.211,-0.815,13.11,12.866,-4.817,8.414,0.066,0.871,-0.294,40.854,-14.39,-13.902,721.491,-0.553,0.049,-0.821,-10,-13.78,26.585,171.254,0.908,0.04,0.249,-20.183,-18.415,13.11,792.461,1,1,1,1,1,1,1,10,9,2,7
2018-07-09T13:54:44.382681,1.037,-0.144,0.035,0.122,25.915,-6.098,403.658,-0.219,-0.294,-0.806,36.89,25.61,-19.207,8.414,-0.032,0.804,-0.471,210.183,-24.634,-87.5,721.491,-0.599,0.08,-0.762,-21.585,32.866,32.927,171.254,0.912,0.168,0.265,27.195,-20.793,10.61,792.461,59,1,1,1,1,1,1,10,9,2,7
2018-07-09T13:54:44.433318,1.037,-0.144,0.035,20.122,44.329,-11.585,403.658,-0.122,-0.4,-0.809,49.024,35.244,-20.976,8.414,-0.164,0.682,-0.646,277.561,-30.671,-109.695,721.491,-0.497,0.09,-0.799,-24.817,28.171,33.232,171.254,0.912,0.168,0.265,42.988,-28.11,4.878,792.461,44,1,1,1,1,1,1,10,9,2,7
2018-07-09T13:54:44.534587,0.578,-0.526,-0.397,-13.11,8.841,-37.866,403.658,-0.228,-0.47,-0.776,89.634,98.293,-49.268,8.414,-0.207,0.989,-0.545,-648.171,157.012,186.89,721.491,-0.334,0.013,-0.901,15.366,128.415,24.329,171.254,0.817,0.343,0.074,35.488,-45.244,-25.061,792.461,-60,1,1,1,1,1,1,10,9,2,7
2018-07-09T13:54:44.580710,0.578,-0.526,-0.397,-3.78,-73.171,35.061,403.658,-0.333,-0.477,-1.007,100.549,75.915,-40.915,8.414,-0.026,0.682,-0.487,-149.146,116.768,-14.756,721.491,-0.242,0.138,-1.119,4.573,112.317,18.841,171.254,0.817,0.343,0.074,50.976,-55.549,-21.159,792.461,-7,1,1,1,1,1,1,10,9,2,7
2018-07-09T13:54:44.631345,0.963,-0.341,0.082,-3.171,-101.098,95.793,403.658,-0.333,-0.477,-1.007,75.671,41.951,-16.463,8.414,-0.026,0.682,-0.487,375,-131.463,-59.085,721.491,-0.242,0.138,-1.119,-15.671,37.012,46.037,171.254,0.822,0.408,-0.021,25.061,-54.634,-10.854,792.461,36,1,1,1,1,1,1,10,9,2,9
2018-07-09T13:54:44.673959,0.963,-0.341,0.082,-40.671,-93.232,116.829,403.658,-0.012,-0.441,-0.798,51.463,47.5,-21.463,8.414,0.133,1.04,-0.311,99.451,-92.195,-11.646,721.491,-0.167,0.123,-1.009,-13.354,37.927,65.732,171.254,0.822,0.408,-0.021,-17.256,-50,-7.805,792.461,54,1,1,1,1,1,1,10,9,2,9
2018-07-09T13:54:44.738632,1.266,0.336,0.611,-15.549,-57.378,40.122,403.658,-0.041,-0.604,-0.723,19.39,46.098,-55.549,8.414,-0.075,0.826,-0.459,16.098,89.878,-4.573,721.491,-0.083,0.137,-0.973,-19.207,-7.195,32.073,171.254,0.906,0.343,-0.043,-50.671,-37.622,-14.878,792.461,178,1,1,1,1,1,1,10,9,2,9
2018-07-09T13:54:44.789267,0.972,-0.226,-0.115,14.756,-9.024,-4.695,403.658,-0.041,-0.604,-0.723,35.61,40.488,-51.768,8.414,-0.075,0.826,-0.459,64.207,-47.927,12.012,721.491,-0.083,0.137,-0.973,-7.927,13.354,29.207,171.254,0.939,0.294,-0.099,-44.329,-27.683,-27.195,792.461,199,1,1,1,1,1,1,10,9,2,9
2018-07-09T13:54:44.832381,0.972,-0.226,-0.115,-4.939,7.622,-32.988,403.658,0.178,-0.731,-0.677,68.476,28.78,-40.671,8.414,-0.035,0.874,-0.523,51.585,9.756,8.293,721.491,-0.114,0.193,-1.003,-17.256,14.695,37.927,171.254,0.939,0.294,-0.099,-48.171,-28.415,-35.244,792.461,67,1,1,1,1,1,1,10,9,2,9
2018-07-09T13:54:44.884019,0.958,-0.281,-0.161,-10.549,15.183,-54.573,403.658,0.272,-0.765,-0.61,94.695,70.427,-62.195,8.414,-0.031,0.698,-0.521,14.39,-10.061,9.695,721.491,-0.049,0.331,-0.998,-37.317,2.805,0.671,171.254,0.982,0.427,-0.115,-322.073,2.317,-23.72,792.461,295,1,1,1,1,1,1,10,9,2,9
2018-07-09T13:54:44.928638,0.955,-0.128,0.033,21.768,6.037,-28.354,403.658,0.272,-0.765,-0.61,116.402,69.634,-56.28,8.414,-0.031,0.698,-0.521,25.244,5.671,5.732,721.491,-0.049,0.331,-0.998,-27.622,17.256,-29.817,171.254,0.934,-0.112,-0.031,-248.354,4.878,-4.695,792.461,-51,1,1,1,1,1,1,10,9,2,9
2018-07-09T13:54:44.972423,0.955,-0.128,0.033,13.232,-3.841,-15.793,403.658,0.472,-0.731,-0.332,121.098,75.549,-42.866,8.414,0.018,0.662,-0.602,41.463,30.915,-8.78,721.491,0.006,0.337,-0.892,-6.28,-2.439,12.439,171.254,0.934,-0.112,-0.031,6.22,25.427,-5.976,792.461,-84,1,1,1,1,1,1,10,9,2,9
2018-07-09T13:54:45.029074,0.963,-0.154,-0.107,-6.585,-3.232,-18.354,385.437,0.472,-0.731,-0.332,169.329,80.183,-65.915,0,0.018,0.662,-0.602,60.793,-48.476,-22.744,4.859,0.006,0.337,-0.892,16.829,-28.354,27.622,171.254,0.915,0.246,0.103,76.22,30.976,-11.22,792.461,109,1,1,1,1,1,1,10,9,2,9
2018-07-09T13:54:45.070685,0.963,-0.154,-0.107,-3.11,0.488,-21.098,385.437,0.574,-0.722,-0.171,113.659,35.488,-78.049,0,0.016,0.612,-0.696,16.768,26.768,-26.341,4.859,0.098,0.257,-0.751,13.232,21.402,-30.732,171.254,0.915,0.246,0.103,44.451,28.902,-16.159,792.461,124,1,1,1,1,1,1,10,9,2,9
2018-07-09T13:54:45.116807,0.972,-0.148,-0.139,4.329,4.268,-26.463,385.437,0.506,-0.656,-0.3,60.061,-62.5,-50.122,0,0.016,0.612,-0.696,24.817,40.427,-28.78,4.859,0.098,0.257,-0.751,19.695,53.232,-22.622,171.254,0.81,0.293,0.043,55.671,13.537,-22.317,792.461,-123,1,1,1,1,1,1,10,9,2,9
2018-07-09T13:54:45.162930,0.947,-0.066,-0.07,16.707,32.866,-45.61,385.437,0.506,-0.656,-0.3,53.476,-20,-65.183,0,0.044,0.514,-0.57,78.841,4.817,-12.317,4.859,0.058,0.258,-0.872,17.378,75.732,25.549,171.254,0.788,0.316,-0.004,65.854,0.122,-18.415,792.461,-219,1,1,1,1,1,1,10,9,2,9
2018-07-09T13:54:45.212563,0.947,-0.066,-0.07,27.073,37.927,-53.902,385.437,0.417,-0.475,-0.19,32.195,19.939,-64.207,0,0.063,0.413,-0.567,54.39,8.476,-7.622,4.859,0.136,0.293,-0.936,-49.085,30.305,-19.024,171.254,0.788,0.316,-0.004,85.854,-14.085,-13.11,792.461,128,1,1,1,1,1,1,10,9,2,9
2018-07-09T13:54:45.258185,0.982,0.041,0.006,10.305,42.378,-44.451,385.437,0.417,-0.475,-0.19,43.72,-23.598,-78.537,0,0.063,0.413,-0.567,48.659,34.268,7.073,4.859,0.136,0.293,-0.936,-62.805,-33.476,-61.098,171.254,1.004,0.691,0.489,66.463,2.683,-24.939,792.461,96,1,1,1,1,1,1,10,9,2,9
2018-07-09T13:54:45.518385,0.961,0.141,0.139,10.244,14.756,-40.061,385.437,0.617,-0.698,-0.269,-3.902,-26.524,-20.549,0,0.09,0.162,-0.974,71.707,89.573,-12.561,4.859,0.279,0.344,-1.152,-32.317,0.366,-31.402,171.254,0.766,0.656,0.17,-0.122,37.561,-68.963,792.461,96,1,1,1,1,1,1,10,9,2,9
2018-07-09T13:54:45.569522,0.979,0.228,0.136,2.683,-6.098,-69.39,385.437,0.617,-0.698,-0.269,-16.098,-30.732,-33.049,0,0.09,0.162,-0.974,72.134,104.268,-18.78,4.859,0.279,0.344,-1.152,-33.171,22.195,-30.244,171.254,0.661,0.804,0.055,20.61,39.512,-12.805,792.461,-148,1,1,1,1,1,1,10,9,2,9
2018-07-09T13:54:45.615647,0.979,0.228,0.136,5.183,-2.134,-59.939,385.437,0.728,-0.775,-0.291,-8.293,-37.256,-25.122,0,0.193,0.108,-1.02,56.524,110.427,-12.866,4.859,0.276,0.375,-1.167,-30.854,9.024,-13.598,171.254,0.661,0.804,0.055,4.451,42.378,-18.659,792.461,252,1,1,1,1,1,1,10,9,2,9
2018-07-09T13:54:45.658762,0.955,0.321,0.099,1.524,8.11,-50.366,385.437,0.728,-0.775,-0.291,11.402,-21.22,-3.902,0,0.193,0.108,-1.02,19.39,60,-9.207,4.859,0.276,0.375,-1.167,-22.988,-18.841,-15.061,171.254,0.652,0.8,0.082,3.293,18.293,-18.841,792.461,131,1,1,1,1,1,1,10,9,2,9
2018-07-09T13:54:45.709397,0.955,0.321,0.099,1.463,15.976,-41.28,385.437,0.767,-0.752,-0.378,10.183,-11.341,18.476,0,0.356,0.057,-1.046,-4.268,37.988,0.549,4.859,0.287,0.426,-1.173,-24.634,-4.268,0,171.254,0.652,0.8,0.082,-1.707,10.244,-5.732,792.461,68,1,1,1,1,1,1,10,9,2,9
2018-07-09T13:54:45.754016,0.832,0.392,0.126,2.805,20.427,-32.073,385.437,0.771,-0.737,-0.381,6.402,-10.793,17.622,0,0.356,0.057,-1.046,-10.305,28.598,3.354,4.859,0.303,0.459,-1.143,-3.171,-21.22,10.305,171.254,0.755,0.708,0.222,-21.768,9.085,3.11,792.461,-1302,1,1,1,1,1,1,10,9,2,9
2018-07-09T13:54:45.811670,0.822,0.405,0.175,0.61,11.28,-17.622,385.437,0.771,-0.737,-0.381,3.415,-9.756,15.488,0,0.418,0.037,-1.044,-8.415,10.122,-0.488,4.859,0.303,0.459,-1.143,-13.659,-8.72,0.244,171.254,0.769,0.714,0.218,-9.817,16.646,-1.159,792.461,-780,1,1,1,1,1,1,10,9,2,9
2018-07-09T13:54:45.849771,0.822,0.405,0.175,-0.854,4.512,-18.171,385.437,0.766,-0.792,-0.377,-1.951,-5.976,9.024,0,0.416,0.056,-1.063,-5.915,9.573,2.378,4.859,0.283,0.448,-1.155,1.707,-11.037,-10.305,171.254,0.769,0.714,0.218,4.634,10.915,-3.598,792.461,-721,1,1,1,1,1,1,10,9,2,9
2018-07-09T13:54:45.894390,0.856,0.42,0.167,-4.146,3.841,-14.939,385.437,0.766,-0.792,-0.377,-2.927,-1.098,7.134,0,0.416,0.056,-1.063,-6.402,10.854,5,4.859,0.283,0.448,-1.155,-11.524,-19.634,-11.402,171.254,0.736,0.806,0.216,18.232,5.183,-19.573,792.461,-2012,1,1,1,1,1,1,10,9,2,9
2018-07-09T13:54:45.941516,0.856,0.42,0.167,-4.207,4.146,-2.927,385.437,0.778,-0.845,-0.409,-0.549,4.451,9.146,0,0.442,0.083,-1.117,-4.634,-1.768,2.683,4.859,0.308,0.52,-1.242,-29.573,-18.354,0.549,171.254,0.736,0.806,0.216,16.951,9.634,-25.732,792.461,-1157,1,1,1,1,1,1,10,9,2,9
2018-07-09T13:54:45.989644,0.848,0.423,0.166,-1.951,2.988,7.256,385.437,0.748,-0.811,-0.378,-4.878,13.476,-0.061,0,0.442,0.083,-1.117,-1.402,-11.159,2.073,4.859,0.308,0.52,-1.242,-22.683,2.622,-11.89,171.254,0.678,0.798,0.24,1.646,7.378,2.195,792.461,-621,1,1,1,1,1,1,10,9,2,9
2018-07-09T13:54:46.033762,0.848,0.423,0.166,-4.695,0.61,13.72,385.437,0.748,-0.811,-0.378,-8.902,21.646,-3.354,0,0.402,0.105,-1.074,-2.561,-15.915,1.037,4.859,0.224,0.603,-1.291,-11.037,6.463,-3.415,180.438,0.678,0.798,0.24,-19.817,-13.049,38.232,711.831,-321,0,1,1,1,1,1,10,9,2,9
2018-07-09T13:54:46.124687,0.866,0.4,0.156,-11.829,-4.512,20.488,385.437,0.69,-0.75,-0.347,-30.366,35.915,-7.256,0,0.32,0.165,-1.019,-36.22,-78.11,-9.451,4.859,0.272,0.57,-1.216,2.622,-29.512,29.268,180.438,0.816,0.563,0.158,63.293,37.317,70.305,711.831,264,0,1,1,1,1,1,10,9,2,9
2018-07-09T13:54:46.180841,0.873,0.385,0.146,-30.671,-1.037,33.293,385.437,0.686,-0.714,-0.305,-36.768,30,-10,0,0.144,0.202,-1.034,-42.683,-99.146,-17.439,4.859,0.201,0.552,-1.063,22.927,16.159,-14.085,180.438,0.816,0.563,0.158,77.683,21.037,52.012,711.831,1495,0,1,1,1,1,1,10,9,2,9
2018-07-09T13:54:46.220948,0.892,0.26,0.208,-30.122,-0.732,38.354,385.437,0.621,-0.663,-0.279,-27.5,32.195,-2.317,0,0.144,0.202,-1.034,-61.159,-124.573,-5.854,4.859,0.201,0.552,-1.063,30.244,1.707,-22.622,180.438,0.698,0.753,0.074,73.72,-6.951,45.732,711.831,1921,0,1,1,1,1,1,10,9,2,9
2018-07-09T13:54:46.270083,0.892,0.26,0.208,-17.622,-3.11,40.183,385.437,0.621,-0.663,-0.279,-7.012,10.793,9.756,0,-0.087,0.329,-0.908,-88.293,-204.512,39.634,4.859,0.158,0.412,-0.984,27.744,-55.427,2.927,180.438,0.698,0.753,0.074,36.646,-35.488,42.012,711.831,476,0,1,1,1,1,1,10,9,2,9
2018-07-09T13:54:46.317209,0.929,0.208,0.19,-9.695,-5.854,40.305,385.437,0.502,-0.704,-0.292,25.122,-40.732,60.793,0,-0.144,0.563,-0.807,-163.963,-50.549,75.732,4.859,0.238,0.427,-0.951,-0.549,-42.927,-5.732,180.438,0.883,0.681,0.031,-15,-54.39,60.915,711.831,56,0,1,1,1,1,1,10,9,2,9
2018-07-09T13:54:46.365841,0.929,0.208,0.19,-7.744,-9.085,39.268,385.437,0.502,-0.704,-0.292,-16.159,-36.707,99.207,0,-0.144,0.563,-0.807,-193.963,-4.268,82.5,4.859,0.238,0.427,-0.951,13.171,79.573,-75.854,180.438,1.079,0.332,0.024,-14.39,-67.012,76.159,711.831,144,0,1,1,1,1,1,10,9,2,9
2018-07-09T13:54:46.423494,0.967,0.167,0.159,-5.183,-11.89,34.695,385.437,0.422,-0.776,-0.414,-76.524,-41.707,112.927,0,-0.083,0.57,-0.749,-129.573,233.415,40.061,4.859,-0.037,0.4,-0.95,26.89,52.927,-65.244,180.438,1.079,0.332,0.024,-71.402,-55.549,71.707,711.831,266,0,1,1,1,1,1,10,9,2,9
2018-07-09T13:54:46.484156,0.968,0.113,0.157,-7.805,-14.085,29.878,385.437,0.259,-0.781,-0.488,-82.805,-48.415,113.049,0,0.035,0.674,-0.629,-48.232,-105.183,-9.024,4.859,0.073,0.37,-0.93,25.427,-87.744,-4.024,180.438,1.069,0.133,0.106,5.732,-26.646,46.707,711.831,969,0,1,1,1,1,1,10,9,2,9
2018-07-09T13:54:46.551335,0.952,0.074,0.115,-3.963,-18.049,27.195,385.437,0.189,-0.73,-0.551,-74.024,-70.976,122.805,0,0.035,0.674,-0.629,-20.976,-78.049,-10.732,4.859,-0.019,0.308,-0.84,50.183,-31.402,-11.037,180.438,0.939,0.145,0.058,41.098,-18.11,37.378,711.831,385,0,1,1,1,1,1,10,9,2,9
2018-07-09T13:54:46.612999,0.995,0.064,0.084,3.963,-28.11,18.902,385.437,0.189,-0.73,-0.551,-78.537,-61.646,113.72,0,0.039,0.67,-0.523,-149.695,38.293,-5.793,4.859,-0.019,0.308,-0.84,57.866,-70.732,-0.793,180.438,0.843,0.199,0.083,28.354,14.39,10.183,711.831,278,0,1,1,1,1,1,10,9,2,9
2018-07-09T13:54:46.795537,0.976,0.021,0.003,-0.427,-13.902,21.768,385.437,-0.164,-0.448,-0.864,-45.793,-41.829,59.451,0,0.085,0.809,-0.457,-136.463,-44.085,18.293,4.859,-0.245,0.179,-0.974,35.915,-8.049,13.354,180.438,0.835,0.217,0.065,31.402,46.037,-5.549,711.831,-22,0,1,1,1,1,1,10,9,2,9
2018-07-09T13:54:46.850687,0.976,0.021,0.003,-0.854,-10.183,23.171,385.437,-0.164,-0.448,-0.864,-37.5,-34.939,55.427,0,0.085,0.809,-0.457,-101.646,-61.402,28.049,4.859,-0.245,0.179,-0.974,24.817,-25.488,20.976,180.438,0.78,0.225,0.1,-10.244,11.037,17.317,711.831,-132,0,1,1,1,1,1,10,9,2,9
2018-07-09T13:54:46.911350,0.969,-0.014,0.006,-7.073,-12.561,29.512,385.437,-0.263,-0.411,-0.74,-64.024,-23.415,40.427,0,-0.01,0.789,-0.414,-25.427,-47.073,15.915,4.859,-0.273,0.136,-0.9,20.244,3.476,24.817,180.438,0.78,0.225,0.1,-43.171,1.402,20.061,711.831,-157,0,1,1,1,1,1,10,9,2,9
2018-07-09T13:54:46.968502,0.97,-0.063,-0.015,-10,-11.402,29.878,385.437,-0.24,-0.413,-0.754,-64.939,-17.744,38.902,0,-0.006,0.838,-0.402,-42.317,-13.659,4.573,4.859,-0.297,0.136,-0.868,18.354,-59.512,13.11,180.438,0.753,0.209,0.168,-86.585,-4.329,19.268,711.831,402,0,1,1,1,1,1,10,9,2,7
2018-07-09T13:54:47.019137,0.97,-0.111,-0.033,-20.122,-10.854,31.646,389.544,-0.174,-0.336,-0.843,-18.049,-29.695,38.293,7.821,-0.006,0.838,-0.402,-88.841,-8.902,20.427,7.347,-0.297,0.136,-0.868,10.732,-39.39,23.11,180.438,0.873,0.167,0.196,-70.61,-7.317,19.939,711.831,242,0,1,0,1,1,1,10,9,2,7
2018-07-09T13:54:47.065261,0.97,-0.111,-0.033,-16.159,-12.195,33.841,389.544,-0.174,-0.336,-0.843,-10.915,-31.829,18.78,7.821,0.04,0.77,-0.518,-79.146,-24.329,28.902,7.347,-0.446,0.105,-0.85,-19.756,-1.159,-5.793,180.438,0.873,0.167,0.196,-43.171,-10.061,24.085,711.831,169,0,1,0,1,1,1,10,9,2,7
2018-07-09T13:54:47.114893,0.967,-0.195,-0.052,-11.646,-10.915,29.39,389.544,-0.267,-0.325,-0.77,-16.159,-14.207,-6.22,7.821,0.04,0.77,-0.518,-40.976,-70.305,34.146,7.347,-0.424,0.009,-0.987,0.732,18.537,-17.317,180.438,0.946,0.214,0.243,-32.317,-6.037,28.537,711.831,55,0,1,0,1,1,1,10,9,2,7
2018-07-09T13:54:47.160013,0.967,-0.195,-0.052,-2.622,5.061,14.573,389.544,-0.267,-0.325,-0.77,-18.415,3.902,-8.841,7.821,-0.052,0.794,-0.183,-67.683,70.549,37.561,7.347,-0.424,0.009,-0.987,23.598,10.122,-15.061,180.438,0.946,0.214,0.243,-40.976,-3.049,22.805,711.831,83,0,1,0,1,1,1,10,9,2,7
2018-07-09T13:54:47.225187,1.009,-0.153,-0.018,9.695,37.744,-1.768,389.544,-0.547,-0.483,-0.699,3.841,9.39,40.915,7.821,-0.264,0.951,-0.183,53.232,21.463,-47.805,7.347,-0.239,-0.071,-1.003,35.061,15.732,17.195,180.438,0.94,0.214,0.261,-59.146,7.012,3.72,711.831,87,0,1,0,1,1,1,10,9,2,7
2018-07-09T13:54:47.285347,1.108,0.177,0.359,4.573,43.598,-11.951,389.544,-0.565,-0.223,-0.806,7.561,-8.659,46.89,7.821,0.059,1.029,-0.236,77.195,-72.195,-6.89,7.347,-0.378,-0.016,-0.964,7.195,0.244,44.207,180.438,0.909,0.163,0.25,-61.585,14.573,-5.549,711.831,68,0,1,0,1,1,1,10,9,2,7
2018-07-09T13:54:47.346009,1.079,0.244,0.358,55.671,64.451,-74.329,389.544,-0.329,-0.223,-0.791,11.707,-13.72,29.878,7.821,0.059,1.029,-0.236,63.354,19.939,-7.256,7.347,-0.389,-0.121,-1.004,2.378,41.768,25.854,180.438,1.008,0.156,0.155,-9.39,28.415,-17.195,711.831,59,0,1,0,1,1,1,10,9,2,7
2018-07-09T13:54:47.394137,1.079,0.244,0.358,44.085,58.293,-75.366,389.544,-0.329,-0.223,-0.791,2.683,-4.573,7.378,7.821,0.001,0.925,-0.463,5.122,66.341,-4.451,7.347,-0.389,-0.121,-1.004,15.732,32.622,10.732,180.438,1.008,0.156,0.155,22.378,23.902,-21.89,711.831,43,0,1,0,1,1,1,10,9,2,7
2018-07-09T13:54:47.442767,0.666,-0.172,0.026,20.61,48.354,-50.549,389.544,-0.626,-0.204,-0.854,-23.171,6.646,-9.329,7.821,-0.093,0.996,-0.167,53.354,-31.89,-8.354,7.347,-0.232,-0.098,-1.121,25.427,-17.866,-22.683,180.438,1.107,0.277,0.228,33.232,16.951,-23.841,711.831,-552,0,1,0,1,1,1,10,9,2,7
2018-07-09T13:54:47.487386,0.666,-0.172,0.026,3.537,35.488,-12.5,389.544,-0.612,-0.231,-0.759,-20.671,-13.415,8.11,7.821,-0.093,0.996,-0.167,-34.024,12.317,-0.976,7.347,-0.232,-0.098,-1.121,8.354,-53.293,-24.512,180.438,1.107,0.277,0.228,-16.463,21.89,-16.341,711.831,-1908,0,1,0,1,1,1,10,9,2,7
2018-07-09T13:54:47.566097,0.743,-0.136,-0.002,-31.646,-0.061,39.268,389.544,-0.287,-0.289,-0.713,-11.585,-13.232,-0.366,7.821,-0.073,0.854,-0.278,-17.378,113.171,-8.11,7.347,-0.376,-0.012,-0.897,-18.72,-38.659,-10.854,180.438,0.816,0.178,0.22,-58.171,30.488,-9.39,711.831,-103,0,1,0,1,1,1,10,9,2,7
2018-07-09T13:54:47.626261,1.13,-0.262,0.017,-57.988,-35.061,46.402,389.544,-0.287,-0.289,-0.713,-16.524,-7.317,-15.915,7.821,-0.131,0.883,-0.439,47.561,62.378,-12.866,7.347,-0.476,-0.065,-0.915,-7.744,-9.634,-36.28,180.438,0.845,0.039,0.127,72.866,35.305,-21.524,711.831,-500,0,1,0,1,1,1,10,9,2,7
2018-07-09T13:54:47.675391,1.134,-0.278,0.184,-31.341,-29.756,20.183,389.544,-0.562,-0.337,-0.887,-16.159,-3.171,-20.244,7.821,-0.112,0.979,-0.27,-1.951,-80.366,25.183,7.347,-0.394,-0.104,-1.17,10.366,11.402,-45.976,180.438,1.024,0.213,0.114,119.634,22.744,-15.61,711.831,117,0,1,0,1,1,1,10,9,2,7
2018-07-09T13:54:47.721515,1.134,-0.278,0.184,-9.207,-27.866,-5.427,389.544,-0.586,-0.271,-0.805,-8.049,7.012,7.012,7.821,-0.112,0.979,-0.27,-7.988,-26.707,-2.256,7.347,-0.394,-0.104,-1.17,28.11,-10,-43.171,180.438,1.024,0.213,0.114,122.744,5.976,-2.378,711.831,538,0,1,0,1,1,1,10,9,2,7
2018-07-09T13:54:47.789699,0.873,-0.038,0.125,-8.537,-6.768,-8.415,389.544,-0.586,-0.271,-0.805,-4.939,-14.878,18.171,7.821,-0.022,0.912,-0.302,-31.707,27.744,-9.024,7.347,-0.339,-0.037,-0.902,-16.951,-27.5,33.72,180.438,0.781,0.332,0.303,-3.415,-23.049,19.573,711.831,600,0,1,0,1,1,1,10,9,2,7
2018-07-09T13:54:47.832814,0.955,-0.068,0.131,8.476,-8.537,-6.707,389.544,-0.384,-0.221,-0.685,-10.427,-19.451,9.146,7.821,-0.022,0.912,-0.302,-67.927,13.476,7.012,7.347,-0.468,-0.036,-0.884,0.488,-25.915,2.317,180.438,0.826,0.239,0.348,-81.768,-36.585,23.049,711.831,432,0,1,0,1,1,1,10,9,2,7
2018-07-09T13:54:47.939104,0.998,-0.089,0.119,-7.805,-15,2.622,389.544,-0.563,-0.182,-0.874,-12.134,-8.11,7.561,7.821,-0.03,0.997,-0.242,29.146,-44.939,2.805,7.347,-0.519,-0.06,-1.037,-4.695,-11.829,-4.268,180.438,1.087,0.024,0.313,-7.317,-4.268,27.439,711.831,535,0,1,0,1,1,1,10,9,2,7
2018-07-09T13:54:48.000267,0.946,-0.091,0.074,-6.951,-12.195,1.098,389.544,-0.508,-0.171,-0.802,-13.72,-12.317,9.39,7.821,-0.042,0.862,-0.27,-87.866,9.878,26.646,7.347,-0.528,-0.029,-0.889,0.732,-9.512,-5.549,457.955,0.909,0.124,0.391,70.732,9.39,19.146,830.857,472,1,1,0,1,1,1,10,9,2,7
2018-07-09T13:54:48.092513,0.98,-0.086,0.063,4.817,-7.683,-1.28,389.544,-0.493,-0.167,-0.744,-4.146,-7.805,8.293,7.821,0.006,0.935,-0.241,8.354,0.244,2.195,7.347,-0.528,-0.025,-0.889,3.902,-7.927,-5.244,457.955,0.884,0.271,0.313,-12.988,5.671,0.366,830.857,1924,1,1,0,1,1,1,10,9,2,7
2018-07-09T13:54:48.135127,0.98,-0.086,0.063,1.402,-5.549,-1.951,389.544,-0.537,-0.104,-0.845,-2.378,-7.744,7.866,7.821,0.006,0.935,-0.241,38.902,-27.195,2.439,7.347,-0.528,-0.025,-0.889,-0.183,-5.183,2.561,457.955,0.937,0.187,0.313,-31.341,2.5,4.39,830.857,835,1,1,0,1,1,1,10,9,2,7
2018-07-09T13:54:48.184258,0.978,-0.084,0.064,-3.72,-0.671,-3.354,389.544,-0.537,-0.104,-0.845,-5.183,-3.659,4.939,7.821,0.053,0.955,-0.213,-4.573,-20.427,11.524,7.347,-0.552,-0.003,-0.96,-3.354,-11.524,5.976,457.955,0.937,0.187,0.313,-22.683,1.768,5.976,830.857,-584,1,1,0,1,1,1,10,9,2,7
2018-07-09T13:54:48.225017,0.96,-0.076,0.061,-1.89,-0.061,-2.805,389.544,-0.543,-0.109,-0.789,-6.89,-2.073,4.085,7.821,0.053,0.955,-0.213,-19.451,-1.341,10.427,7.347,-0.555,-0.011,-0.888,1.098,-7.5,4.085,457.955,0.897,0.156,0.314,-7.012,2.012,2.073,830.857,-84,1,1,0,1,1,1,10,9,2,7
2018-07-09T13:54:48.283172,0.96,-0.076,0.061,-0.427,0,-2.5,389.544,-0.521,-0.108,-0.779,-5.366,-3.11,4.939,7.821,0.026,0.916,-0.208,-9.146,-9.756,9.451,7.347,-0.555,-0.011,-0.888,1.646,-6.341,4.329,457.955,0.897,0.156,0.314,-8.415,1.829,-5,830.857,1,1,1,0,1,1,1,10,9,2,7
2018-07-09T13:54:48.334308,0.973,-0.075,0.058,1.037,-0.671,-1.951,389.544,-0.521,-0.108,-0.779,-5,-1.159,2.927,7.821,0.042,0.938,-0.21,-2.744,-8.598,6.646,7.347,-0.578,-0.02,-0.895,4.146,-6.646,-0.793,457.955,0.946,0.125,0.308,-7.683,4.939,-12.744,830.857,-618,1,1,0,1,1,1,10,9,2,7
2018-07-09T13:54:48.379930,0.973,-0.075,0.058,0.244,0.915,-2.683,389.544,-0.552,-0.1,-0.813,-4.756,1.524,0.976,7.821,0.042,0.938,-0.21,5.183,-3.78,4.024,7.347,-0.546,-0.023,-0.923,0.854,10.854,-2.012,457.955,0.936,0.094,0.327,-2.988,5.305,-11.585,830.857,-556,1,1,0,1,1,1,10,9,2,7
2018-07-09T13:54:48.426053,0.97,-0.066,0.06,-3.232,1.829,-2.378,389.544,-0.552,-0.1,-0.813,-4.451,2.927,0.183,7.821,0.036,0.949,-0.171,3.598,3.902,3.415,7.347,-0.546,-0.023,-0.923,1.951,14.695,-3.232,457.955,0.936,0.094,0.327,-6.098,4.268,-7.5,830.857,-66,1,1,0,1,1,1,10,9,2,7
2018-07-09T13:54:48.472677,0.956,-0.073,0.072,-1.768,1.037,-1.89,389.544,-0.553,-0.094,-0.785,-5.793,1.402,1.585,7.821,0.036,0.949,-0.171,-7.195,7.317,3.72,7.347,-0.49,-0.02,-0.907,1.22,14.939,-3.171,457.955,0.895,0.083,0.332,-9.817,4.512,-1.341,830.857,232,1,1,0,1,1,1,10,9,2,7
2018-07-09T13:54:48.520805,0.956,-0.073,0.072,2.988,0.305,-2.195,389.544,-0.506,-0.094,-0.807,-6.28,0.488,0.183,7.821,0.05,0.923,-0.148,-54.146,14.207,12.134,7.347,-0.49,-0.02,-0.907,-4.146,10.244,0.915,457.955,0.895,0.083,0.332,-11.22,4.878,5.549,830.857,80,1,1,0,1,1,1,10,9,2,7
2018-07-09T13:54:48.566427,0.986,-0.067,0.053,6.646,0.61,-2.561,389.544,-0.506,-0.094,-0.807,-7.256,-1.098,-2.866,7.821,0.09,0.963,-0.209,-38.902,8.171,9.756,7.347,-0.52,0.004,-0.958,-6.402,3.476,-0.122,457.955,0.964,0.109,0.319,-16.341,5.61,11.463,830.857,-471,1,1,0,1,1,1,10,9,2,7
2018-07-09T13:54:48.613052,0.986,-0.067,0.053,4.207,3.78,-2.378,389.544,-0.531,-0.064,-0.863,-12.683,-1.524,-7.805,7.821,0.09,0.963,-0.209,4.695,-1.037,4.451,7.347,-0.52,0.004,-0.958,-3.598,0.244,-11.89,457.955,0.964,0.109,0.319,-24.695,7.073,13.293,830.857,-803,1,1,0,1,1,1,10,9,2,7
2018-07-09T13:54:48.660678,0.983,-0.057,0.065,-1.28,7.317,-3.171,389.544,-0.531,-0.064,-0.863,-16.402,-2.561,-10.061,7.821,0.104,1.002,-0.127,20.427,-15,9.634,7.347,-0.534,0.005,-0.939,-22.805,-14.817,-2.866,457.955,0.948,0.062,0.26,9.939,15.061,0.671,830.857,-1147,1,1,0,1,1,1,10,9,2,7
2018-07-09T13:54:48.707303,0.944,-0.054,0.094,-7.5,9.512,-4.695,389.544,-0.554,-0.094,-0.762,-10.915,-6.402,-10.366,7.821,0.104,1.002,-0.127,10.976,20,3.598,7.347,-0.517,-0.008,-0.875,-20.244,-14.634,-10.244,457.955,0.858,0.079,0.242,38.354,15.305,-3.841,830.857,-517,1,1,0,1,1,1,10,9,2,7
2018-07-09T13:54:48.792028,0.947,-0.039,0.104,2.561,5.549,-2.683,389.544,-0.553,-0.116,-0.753,-3.78,-7.866,-4.695,7.821,0.053,0.918,-0.103,-16.524,5.305,13.902,7.347,-0.536,0.001,-0.908,-12.866,-13.476,0.732,457.955,0.856,0.187,0.298,60.976,0.549,-2.012,830.857,-457,1,1,0,1,1,1,10,9,2,7
2018-07-09T13:54:48.847677,0.947,-0.039,0.104,3.11,1.524,-0.488,389.544,-0.531,-0.131,-0.793,-1.646,-2.744,-3.659,7.821,0.053,0.918,-0.103,-33.963,-0.854,18.78,7.347,-0.536,0.001,-0.908,-8.415,-10.61,6.585,457.955,0.856,0.187,0.298,40.671,-10.366,5.793,830.857,-248,1,1,0,1,1,1,10,9,2,7
2018-07-09T13:54:48.894301,0.979,-0.042,0.089,2.683,-1.402,2.073,389.544,-0.531,-0.131,-0.793,-0.427,-0.183,-2.256,7.821,0.068,0.964,-0.126,-49.268,-0.61,25.549,7.347,-0.587,0.028,-0.94,11.585,5.488,0.061,457.955,0.939,0.222,0.398,-7.256,-21.402,15.244,830.857,-97,1,1,0,1,1,1,10,9,2,7
2018-07-09T13:54:48.941928,0.979,-0.042,0.089,0.915,-2.012,3.232,389.544,-0.534,-0.125,-0.854,-0.915,6.463,-1.037,7.821,0.068,0.964,-0.126,-38.902,-2.988,16.098,7.347,-0.581,0.015,-0.916,9.39,10.915,-2.012,457.955,0.987,0.089,0.393,-50.305,-16.037,19.878,830.857,-8,1,1,0,1,1,1,10,9,2,7
2018-07-09T13:54:49.035678,0.946,-0.06,0.102,-6.951,2.927,-1.098,395.101,-0.555,-0.128,-0.764,7.256,2.134,3.72,8.177,0.09,0.911,-0.029,26.159,-6.341,-5.793,899.051,-0.52,0.015,-0.886,-3.415,5.61,11.341,457.955,0.882,0.112,0.32,4.756,3.171,-5.427,830.857,27,1,1,1,1,1,1,10,9,2,7
2018-07-09T13:54:49.118900,0.969,-0.046,0.094,4.451,-1.159,1.037,395.101,-0.531,-0.06,-0.776,7.439,2.561,2.439,8.177,0.157,0.951,-0.091,2.012,-7.805,-5.122,899.051,-0.528,0.036,-0.937,9.024,8.476,3.963,457.955,0.911,0.188,0.318,-10.427,2.195,-10.122,830.857,37,1,1,1,1,1,1,10,9,2,7
2018-07-09T13:54:49.175049,0.969,-0.046,0.094,1.951,-3.476,3.537,395.101,-0.529,-0.087,-0.849,3.11,4.451,-2.683,8.177,0.157,0.951,-0.091,-5.305,-0.976,-1.28,899.051,-0.536,0.009,-0.936,4.878,-0.549,-1.524,457.955,0.911,0.188,0.318,-27.561,0.793,-5,830.857,328,1,1,1,1,1,1,10,9,2,7
2018-07-09T13:54:49.228191,0.979,-0.066,0.082,-1.402,1.037,0.061,395.101,-0.548,-0.14,-0.79,0.854,2.927,-3.415,8.177,0.087,0.984,-0.081,-3.598,7.195,-1.524,899.051,-0.536,0.009,-0.936,-0.488,-0.915,-0.549,457.955,0.952,0.091,0.262,-19.085,3.354,-8.354,830.857,2047,1,1,1,1,1,1,10,9,2,7
2018-07-09T13:54:49.283840,0.959,-0.057,0.092,-0.488,2.805,-1.768,395.101,-0.548,-0.14,-0.79,3.171,-0.122,0.61,8.177,0.081,0.945,-0.064,9.146,-5.915,-3.476,899.051,-0.516,-0.008,-0.918,0.732,2.134,-1.951,457.955,0.933,0.034,0.224,-6.037,5.183,-12.134,830.857,1620,1,1,1,1,1,1,10,9,2,7
2018-07-09T13:54:49.339488,0.959,-0.057,0.092,0.732,1.524,-1.159,395.101,-0.533,-0.098,-0.803,1.22,-0.915,-1.28,8.177,0.081,0.945,-0.064,10.244,-5.915,-4.329,899.051,-0.52,0.009,-0.939,2.866,-0.427,-0.061,457.955,0.912,0.098,0.278,14.146,-1.951,-5.183,830.857,1172,1,1,1,1,1,1,10,9,2,7
2018-07-09T13:54:49.491393,0.96,-0.058,0.084,1.951,-1.159,1.341,395.101,-0.519,-0.131,-0.798,-1.768,0.061,-0.488,8.177,0.073,0.956,-0.083,-15.244,5.061,1.768,899.051,-0.537,-0.028,-0.918,10.61,4.695,-8.72,457.955,0.92,0.109,0.312,12.073,-6.402,10.549,830.857,250,1,1,1,1,1,1,10,9,2,7
2018-07-09T13:54:49.535510,0.97,-0.062,0.084,2.378,-2.683,2.561,395.101,-0.521,-0.115,-0.805,-2.134,2.744,2.256,8.177,0.08,0.932,-0.058,-23.902,1.341,3.171,899.051,-0.537,-0.028,-0.918,11.951,4.024,-7.683,457.955,0.935,0.144,0.315,20.549,-3.415,9.024,830.857,136,1,1,1,1,1,1,10,9,2,7
2018-07-09T13:54:49.585143,0.97,-0.062,0.084,2.622,-4.024,3.11,395.101,-0.521,-0.115,-0.805,0.549,4.146,0.976,8.177,0.08,0.932,-0.058,-1.341,-11.585,2.012,899.051,-0.523,-0.036,-0.912,7.744,4.512,-2.805,457.955,0.936,0.189,0.313,11.524,-3.11,3.049,830.857,99,1,1,1,1,1,1,10,9,2,7
2018-07-09T13:54:49.692930,0.969,-0.069,0.073,-0.183,-0.976,0.183,395.101,-0.533,-0.107,-0.817,4.268,2.561,-1.037,8.177,0.086,0.966,-0.058,11.585,-0.976,-5.488,899.051,-0.504,-0.027,-0.936,2.622,3.415,0.793,457.955,0.933,0.13,0.289,-17.134,-4.451,-3.72,830.857,90,1,1,1,1,1,1,10,9,2,7
2018-07-09T13:54:49.740557,0.969,-0.069,0.073,0.427,-1.22,0.244,395.101,-0.533,-0.107,-0.817,3.841,0.793,-0.305,8.177,0.086,0.966,-0.058,13.902,1.402,-7.256,899.051,-0.5,-0.03,-0.94,2.134,-0.488,2.012,457.955,0.933,0.13,0.289,-15.305,-1.951,-6.646,830.857,-88,1,1,1,1,1,1,10,9,2,7
2018-07-09T13:54:49.789688,0.964,-0.067,0.07,0,-1.951,1.037,395.101,-0.514,-0.115,-0.815,2.439,0.488,0.305,8.177,0.091,0.957,-0.075,17.256,0.427,-8.171,899.051,-0.5,-0.03,-0.94,1.829,-0.793,0.793,457.955,0.932,0.093,0.271,-1.585,1.951,-7.744,830.857,-135,1,1,1,1,1,1,10,9,2,7
2018-07-09T13:54:49.832302,0.97,-0.069,0.064,0.122,-1.341,0.671,395.101,-0.514,-0.115,-0.815,1.463,-0.244,-0.122,8.177,0.068,0.959,-0.105,9.817,5.122,-4.695,899.051,-0.513,-0.041,-0.926,0.549,-2.927,0.793,457.955,0.93,0.095,0.263,-0.854,1.402,-5.671,830.857,-131,1,1,1,1,1,1,10,9,2,7
2018-07-09T13:54:49.884441,0.97,-0.069,0.064,-0.305,-0.61,0.244,395.101,-0.512,-0.13,-0.809,0.549,-2.256,-0.366,8.177,0.068,0.959,-0.105,7.744,0.366,-2.927,899.051,-0.513,-0.041,-0.926,0.61,-3.049,0.61,457.955,0.93,0.095,0.263,0.671,0.305,-2.439,830.857,13,1,1,1,1,1,1,10,9,2,7
2018-07-09T13:54:49.926553,0.97,-0.069,0.063,-0.488,-0.122,0.061,395.101,-0.521,-0.12,-0.812,-0.366,-1.951,1.037,8.177,0.067,0.959,-0.104,7.134,-3.598,-1.28,899.051,-0.519,-0.044,-0.929,0.976,-1.707,0.488,457.955,0.93,0.116,0.277,3.354,-0.793,0.732,830.857,32,1,1,1,1,1,1,10,9,2,7
2018-07-09T13:54:49.973678,0.97,-0.069,0.063,-0.488,-0.183,0.183,395.101,-0.521,-0.12,-0.812,-0.549,-1.829,1.341,8.177,0.067,0.959,-0.104,4.817,-3.841,-0.061,899.051,-0.525,-0.036,-0.922,1.463,-1.463,1.829,457.955,0.93,0.116,0.277,3.78,-1.829,3.049,830.857,122,1,1,1,1,1,1,10,9,2,7
2018-07-09T13:54:50.022308,0.967,-0.069,0.063,-0.366,-0.427,0.427,395.101,-0.512,-0.127,-0.809,-0.122,-1.768,1.402,8.177,0.064,0.95,-0.117,3.902,-4.085,0.549,899.051,-0.525,-0.036,-0.922,0.976,0.366,1.646,465.664,0.928,0.142,0.297,0.976,-1.646,4.085,870.47,72,1,1,1,1,1,1,10,9,2,7
2018-07-09T13:54:50.114554,0.969,-0.071,0.062,-0.61,-0.488,0.366,395.101,-0.513,-0.13,-0.808,1.89,-1.463,1.22,8.177,0.058,0.953,-0.13,7.5,-6.768,-1.22,899.051,-0.529,-0.033,-0.917,0.915,2.073,3.354,465.664,0.926,0.15,0.29,-0.488,-0.244,-1.28,870.47,-68,1,1,1,1,1,1,10,9,2,7
2018-07-09T13:54:50.193264,0.968,-0.069,0.061,-0.793,-0.488,0.549,395.101,-0.519,-0.127,-0.817,4.024,0.427,1.524,8.177,0.058,0.947,-0.138,8.476,-7.561,-1.585,899.051,-0.523,-0.035,-0.932,1.829,3.232,8.11,465.664,0.932,0.147,0.275,-7.866,-3.415,-2.988,870.47,128,1,1,1,1,1,1,10,9,2,7
2018-07-09T13:54:50.252923,0.966,-0.07,0.057,-0.915,-0.793,0.854,395.101,-0.52,-0.133,-0.809,3.415,0.488,3.11,8.177,0.052,0.953,-0.139,4.451,-4.573,-0.976,899.051,-0.515,-0.037,-0.937,5.793,1.646,8.11,465.664,0.935,0.118,0.28,-11.341,-4.024,-2.073,870.47,147,1,1,1,1,1,1,10,9,2,7
2018-07-09T13:54:50.300049,0.966,-0.07,0.057,-1.22,-0.854,1.098,395.101,-0.52,-0.133,-0.809,3.232,0.61,4.085,8.177,0.052,0.953,-0.139,2.439,-5.305,0,899.051,-0.508,-0.036,-0.93,5.793,0.305,6.585,465.664,0.935,0.118,0.28,-9.634,-2.805,-1.22,870.47,58,1,1,1,1,1,1,10,9,2,7
2018-07-09T13:54:50.350266,0.967,-0.075,0.055,-1.585,-0.732,1.098,395.101,-0.517,-0.13,-0.812,3.171,0.549,4.634,8.177,0.056,0.956,-0.146,4.207,-8.11,0.244,899.051,-0.508,-0.036,-0.93,6.463,-0.732,6.098,465.664,0.935,0.118,0.282,-6.037,-0.061,1.098,870.47,26,1,1,1,1,1,1,10,9,2,7
2018-07-09T13:54:50.396390,0.968,-0.075,0.054,-0.793,0,0.305,395.101,-0.517,-0.13,-0.812,2.439,0.122,5.122,8.177,0.055,0.953,-0.147,-2.927,-5.793,2.744,899.051,-0.51,-0.035,-0.933,5,-0.915,7.378,465.664,0.933,0.132,0.281,-8.354,0,1.341,870.47,86,1,1,1,1,1,1,10,9,2,7
2018-07-09T13:54:50.464571,0.968,-0.075,0.054,-1.28,-0.122,0.427,395.101,-0.52,-0.126,-0.814,1.524,-0.854,5.366,8.177,0.055,0.953,-0.147,1.098,-8.049,2.073,899.051,-0.516,-0.03,-0.929,4.146,0,7.439,465.664,0.929,0.137,0.277,-6.951,2.012,0.61,870.47,5,1,1,1,1,1,1,10,9,2,7
2018-07-09T13:54:50.540774,0.968,-0.075,0.053,-0.854,-0.122,0.488,395.101,-0.52,-0.125,-0.812,0.61,-1.524,5.061,8.177,0.058,0.952,-0.145,-3.78,-6.22,3.049,899.051,-0.522,-0.027,-0.929,3.232,-0.183,5.976,465.664,0.929,0.137,0.277,-7.927,2.317,-0.732,870.47,-91,1,1,1,1,1,1,10,9,2,7
2018-07-09T13:54:50.588902,0.968,-0.074,0.053,-0.854,-0.244,0.366,395.101,-0.519,-0.125,-0.813,0.549,-1.768,4.695,8.177,0.057,0.952,-0.144,-2.134,-5.488,2.134,899.051,-0.522,-0.027,-0.929,3.354,-0.549,5.488,465.664,0.931,0.125,0.271,-5.671,2.866,-2.378,870.47,88,1,1,1,1,1,1,10,9,2,7
2018-07-09T13:54:50.649564,0.967,-0.076,0.051,-1.159,-0.549,0.671,395.101,-0.514,-0.127,-0.809,0.427,-1.159,4.024,8.177,0.055,0.949,-0.143,-4.146,-3.354,2.134,899.051,-0.526,-0.03,-0.925,3.72,0.854,4.085,465.664,0.928,0.117,0.269,-4.756,2.439,-2.5,870.47,120,1,1,1,1,1,1,10,9,2,7
2018-07-09T13:54:50.696189,0.967,-0.076,0.051,-0.671,-0.793,0.549,395.101,-0.514,-0.127,-0.809,0.671,-0.671,3.415,8.177,0.055,0.949,-0.143,-5.488,-2.561,2.256,899.051,-0.527,-0.031,-0.924,3.476,1.463,3.476,465.664,0.928,0.117,0.269,-4.817,1.28,-1.768,870.47,117,1,1,1,1,1,1,10,9,2,7
2018-07-09T13:54:50.819016,0.969,-0.079,0.046,-0.61,-0.427,-0.183,395.101,-0.521,-0.122,-0.809,1.037,-0.549,1.89,8.177,0.061,0.951,-0.131,-2.012,-2.439,1.159,899.051,-0.523,-0.033,-0.922,2.012,2.073,2.622,465.664,0.929,0.122,0.275,-2.683,-0.183,0.244,870.47,-151,1,1,1,1,1,1,10,9,2,7
2018-07-09T13:54:50.864137,0.969,-0.079,0.046,0.061,-0.793,-0.183,395.101,-0.521,-0.122,-0.809,0.976,-1.28,1.524,8.177,0.061,0.951,-0.131,1.463,-2.988,0.366,899.051,-0.522,-0.034,-0.924,1.829,0.366,2.5,465.664,0.929,0.122,0.275,-1.646,-0.244,0.183,870.47,-8,1,1,1,1,1,1,10,9,2,7
2018-07-09T13:54:50.929812,0.968,-0.078,0.043,-0.366,-0.549,-0.427,395.101,-0.522,-0.122,-0.809,0.671,-1.646,0.854,8.177,0.06,0.952,-0.133,5.793,-3.78,-0.488,899.051,-0.521,-0.031,-0.929,0.793,-1.159,2.439,465.664,0.927,0.13,0.279,-1.037,-0.671,-0.549,870.47,-28,1,1,1,1,1,1,10,9,2,7
2018-07-09T13:54:50.989704,0.968,-0.075,0.042,-0.244,-0.61,-0.488,395.101,-0.525,-0.123,-0.81,0.305,-1.524,0.305,8.177,0.06,0.955,-0.136,4.878,-2.927,-0.732,899.051,-0.521,-0.031,-0.929,1.463,-0.915,1.098,465.664,0.93,0.128,0.283,0.427,0.122,-0.854,870.47,151,1,1,1,1,1,1,10,9,2,7
2018-07-09T13:54:51.050867,0.968,-0.075,0.041,0.061,-0.61,-0.549,393.53,-0.523,-0.121,-0.809,-0.122,-1.463,0.671,8.651,0.058,0.95,-0.143,-2.805,0.854,1.22,964.225,-0.519,-0.034,-0.928,0.854,0.732,0.671,465.664,0.931,0.124,0.291,0.976,0.427,-0.854,899.461,153,1,1,1,1,1,1,10,9,2,7
2018-07-09T13:54:51.099998,0.968,-0.075,0.041,0.305,-0.793,-0.549,393.53,-0.523,-0.121,-0.809,-0.671,-1.402,0.305,8.651,0.058,0.95,-0.143,0,-0.183,0.793,964.225,-0.522,-0.035,-0.928,0.183,0.061,1.037,465.664,0.931,0.124,0.291,2.256,1.098,-0.61,899.461,89,1,1,1,1,1,1,10,9,2,7
2018-07-09T13:54:51.145119,0.97,-0.074,0.039,0.122,-0.427,-0.549,393.53,-0.523,-0.119,-0.81,-0.976,-1.28,0.671,8.651,0.062,0.954,-0.143,5,-2.683,0.122,964.225,-0.522,-0.035,-0.928,-0.427,-0.671,1.28,465.664,0.934,0.125,0.286,1.037,1.098,-0.366,899.461,68,1,1,1,1,1,1,10,9,2,7
2018-07-09T13:54:51.194249,0.97,-0.074,0.039,-0.122,-0.488,-0.549,393.53,-0.518,-0.116,-0.811,-1.28,-0.915,0.366,8.651,0.063,0.948,-0.146,2.561,-1.28,0.976,964.225,-0.53,-0.032,-0.927,-0.305,-2.073,1.098,465.664,0.934,0.125,0.28,1.341,1.22,0.122,899.461,50,1,1,1,1,1,1,10,9,2,7
2018-07-09T13:54:51.240373,0.969,-0.074,0.037,0.122,-0.244,-0.549,393.53,-0.518,-0.116,-0.811,-2.134,-0.244,-0.549,8.651,0.063,0.948,-0.146,2.012,-0.366,1.098,964.225,-0.538,-0.024,-0.924,-1.463,-2.683,1.402,465.664,0.934,0.125,0.28,0.427,0.549,0.244,899.461,96,1,1,1,1,1,1,10,9,2,7
2018-07-09T13:54:51.354176,0.969,-0.073,0.037,0.183,-0.183,-0.732,393.53,-0.522,-0.12,-0.81,-2.683,-0.976,-1.951,8.651,0.065,0.951,-0.144,0.732,1.159,1.463,964.225,-0.539,-0.022,-0.916,-1.768,-5.793,2.561,465.664,0.929,0.122,0.285,-1.341,-0.549,1.22,899.461,38,1,1,1,1,1,1,10,9,2,7
2018-07-09T13:54:51.397291,0.97,-0.072,0.035,0.061,-0.061,-0.732,393.53,-0.522,-0.12,-0.81,-2.134,-0.549,-2.012,8.651,0.065,0.951,-0.144,1.402,0.366,1.28,964.225,-0.539,-0.022,-0.916,-2.439,-4.512,1.829,465.664,0.929,0.122,0.285,-1.768,-0.854,2.195,899.461,23,1,1,1,1,1,1,10,9,2,7
2018-07-09T13:54:51.442412,0.968,-0.069,0.035,-0.061,0.061,-0.732,393.53,-0.519,-0.122,-0.809,-2.012,-0.122,-1.585,8.651,0.058,0.948,-0.143,-4.573,5.305,1.707,964.225,-0.544,-0.021,-0.913,-1.098,-3.232,0.976,465.664,0.929,0.13,0.286,-1.28,-1.098,2.866,899.461,10,1,1,1,1,1,1,10,9,2,7
2018-07-09T13:54:51.493046,0.968,-0.069,0.035,0,-0.061,-0.549,393.53,-0.519,-0.122,-0.809,-1.89,-0.183,-1.341,8.651,0.058,0.948,-0.143,-2.134,3.537,1.402,964.225,-0.549,-0.013,-0.911,-1.28,-1.768,0.427,465.664,0.929,0.13,0.286,-2.012,-1.463,2.5,899.461,56,1,1,1,1,1,1,10,9,2,7
2018-07-09T13:54:51.535158,0.97,-0.07,0.033,0,-0.122,-0.427,393.53,-0.517,-0.119,-0.811,-1.585,0.183,-1.524,8.651,0.063,0.947,-0.143,2.5,0.915,0.488,964.225,-0.549,-0.013,-0.911,-1.22,-2.012,0.122,465.664,0.929,0.124,0.286,-2.866,-1.524,1.524,899.461,124,1,1,1,1,1,1,10,9,2,7
2018-07-09T13:54:51.583287,0.97,-0.07,0.033,0.305,-0.061,-0.549,393.53,-0.519,-0.116,-0.811,-1.341,0.793,-1.463,8.651,0.063,0.947,-0.143,1.951,1.951,0.427,964.225,-0.546,-0.014,-0.911,-0.244,-2.927,0.183,465.664,0.929,0.124,0.286,-2.012,-1.098,0.854,899.461,98,1,1,1,1,1,1,10,9,2,7
2018-07-09T13:54:51.648961,0.968,-0.068,0.031,0.122,-0.549,-0.366,393.53,-0.519,-0.116,-0.811,-1.28,0.793,-1.341,8.651,0.066,0.951,-0.141,1.037,0.854,0.976,964.225,-0.545,-0.012,-0.912,-0.976,0.976,0,465.664,0.931,0.116,0.284,-3.902,-1.341,0.915,899.461,76,1,1,1,1,1,1,10,9,2,7
2018-07-09T13:54:51.699597,0.97,-0.069,0.03,0.549,-0.427,-0.488,393.53,-0.518,-0.112,-0.815,-1.646,0.366,-1.524,8.651,0.072,0.95,-0.141,0.671,1.341,0.915,964.225,-0.545,-0.012,-0.912,-1.89,-0.061,0.488,465.664,0.936,0.109,0.278,-2.5,-0.427,1.098,899.461,65,1,1,1,1,1,1,10,9,2,7
2018-07-09T13:54:51.753240,0.97,-0.069,0.03,0.671,0.427,-0.732,393.53,-0.517,-0.113,-0.817,-2.439,0.061,-1.768,8.651,0.072,0.953,-0.143,0.488,2.256,1.098,964.225,-0.547,-0.009,-0.916,-1.524,0,-0.488,465.664,0.937,0.106,0.275,-1.159,0.183,1.402,899.461,205,1,1,1,1,1,1,10,9,2,7
2018-07-09T13:54:51.811395,0.971,-0.068,0.031,0.488,0.976,-1.341,393.53,-0.517,-0.113,-0.817,-2.805,-0.427,-1.951,8.651,0.072,0.953,-0.143,-1.341,2.988,1.159,964.225,-0.549,-0.005,-0.909,-2.622,-0.549,0.671,465.664,0.937,0.106,0.275,-1.28,0.061,1.463,899.461,17,1,1,1,1,1,1,10,9,2,7
2018-07-09T13:54:51.869059,0.969,-0.064,0.033,0.183,1.28,-1.585,393.53,-0.512,-0.113,-0.814,-2.744,-0.305,-2.5,8.651,0.072,0.949,-0.143,1.646,2.439,0.793,964.225,-0.549,-0.005,-0.909,-2.256,-0.793,-0.183,465.664,0.929,0.104,0.277,-1.22,-0.061,1.646,899.461,36,1,1,1,1,1,1,10,9,2,7
2018-07-09T13:54:51.914681,0.969,-0.064,0.033,0.305,1.402,-1.585,393.53,-0.512,-0.115,-0.815,-2.378,-0.305,-2.561,8.651,0.071,0.951,-0.146,2.561,1.951,0.61,964.225,-0.551,0,-0.909,-2.683,-0.122,0.122,465.664,0.933,0.107,0.272,-0.427,-0.183,1.951,899.461,-23,1,1,1,1,1,1,10,9,2,7
2018-07-09T13:54:51.955289,0.97,-0.063,0.033,0.244,1.585,-1.829,393.53,-0.512,-0.115,-0.815,-2.073,-0.793,-2.439,8.651,0.071,0.951,-0.146,5.061,-0.122,-0.427,964.225,-0.558,0.003,-0.899,-3.049,-0.976,0.427,465.664,0.933,0.107,0.272,-0.61,-0.427,1.768,899.461,-126,1,1,1,1,1,1,10,9,2,7
2018-07-09T13:54:52.007929,0.967,-0.059,0.036,-0.244,1.646,-1.463,393.53,-0.503,-0.12,-0.81,-1.829,-0.366,-2.805,8.651,0.069,0.944,-0.158,3.11,2.927,-0.244,964.225,-0.558,0.003,-0.899,-4.695,-1.402,1.28,480.823,0.928,0.101,0.261,-0.61,-0.488,1.402,899.461,35,1,1,1,1,1,1,10,9,2,7
2018-07-09T13:54:52.057183,0.967,-0.059,0.036,-0.244,1.463,-1.098,393.53,-0.489,-0.128,-0.798,1.402,0.488,-4.207,8.651,0.069,0.944,-0.158,6.707,1.098,-0.793,964.225,-0.586,0.013,-0.873,-9.634,-1.22,5.793,480.823,0.928,0.101,0.261,1.585,-1.159,0.061,899.461,21,1,1,1,1,1,1,10,9,2,7
2018-07-09T13:54:52.101803,0.967,-0.058,0.037,-0.061,1.22,-0.732,393.53,-0.489,-0.128,-0.798,4.268,2.134,-5.671,8.651,0.061,0.928,-0.186,16.341,-3.293,-2.134,964.225,-0.586,0.013,-0.873,-11.585,2.439,4.39,480.823,0.918,0.097,0.239,1.89,-3.11,-1.159,899.461,-50,1,1,1,1,1,1,10,9,2,7
2018-07-09T13:54:52.188033,0.97,-0.057,0.038,0,0.305,0,393.53,-0.511,-0.117,-0.841,2.256,4.268,-8.415,8.651,0.064,0.943,-0.183,14.085,6.768,-4.39,964.225,-0.583,0.048,-0.93,0.549,14.817,-10.122,480.823,0.956,0.113,0.27,3.232,-12.012,1.037,899.461,-62,1,1,1,1,1,1,10,9,2,7
2018-07-09T13:54:52.242678,0.97,-0.057,0.038,-0.122,-0.61,0.61,393.53,-0.52,-0.121,-0.84,-2.744,2.805,-6.89,8.651,0.075,0.97,-0.167,-21.098,12.439,0.427,964.225,-0.474,0.005,-0.975,7.622,6.463,-10.488,480.823,0.968,0.082,0.303,-10.366,-8.963,9.207,899.461,-85,1,1,1,1,1,1,10,9,2,7
2018-07-09T13:54:52.299830,0.968,-0.061,0.032,0.305,0,0.488,393.53,-0.5,-0.13,-0.813,-5.793,-2.134,-3.049,8.651,0.075,0.97,-0.167,-43.598,23.537,6.159,964.225,-0.463,-0.025,-0.927,0.061,-0.549,-5.061,480.823,0.968,0.082,0.303,-4.939,0.061,6.22,899.461,-25,1,1,1,1,1,1,10,9,2,7
2018-07-09T13:54:52.361495,0.973,-0.062,0.031,-0.122,1.463,-0.366,393.53,-0.5,-0.13,-0.813,-6.585,-0.976,-2.866,8.651,0.068,0.951,-0.157,0.183,2.866,2.012,964.225,-0.5,-0.005,-0.929,-6.159,-6.646,-1.22,480.823,0.945,0.095,0.271,3.659,11.646,-1.768,899.461,-102,1,1,1,1,1,1,10,9,2,7
2018-07-09T13:54:52.414636,0.969,-0.057,0.039,-0.305,2.256,-0.793,393.53,-0.505,-0.119,-0.826,-8.049,-4.329,0.427,8.651,0.083,0.958,-0.132,-3.72,3.354,4.573,964.225,-0.5,-0.005,-0.929,-11.646,-12.378,4.756,480.823,0.923,0.103,0.236,2.744,12.5,-1.037,899.461,41,1,1,1,1,1,1,10,9,2,7
2018-07-09T13:54:52.472290,0.969,-0.057,0.039,-0.549,2.012,-0.427,393.53,-0.489,-0.121,-0.809,-8.598,-3.11,-1.037,8.651,0.075,0.931,-0.142,-6.037,2.866,5.793,964.225,-0.561,0.022,-0.894,-10.488,-11.22,2.988,480.823,0.923,0.103,0.236,4.573,12.5,-0.549,899.461,75,1,1,1,1,1,1,10,9,2,7
2018-07-09T13:54:52.518413,0.969,-0.058,0.041,-0.549,1.524,-0.183,393.53,-0.489,-0.121,-0.809,-7.622,-3.902,-1.89,8.651,0.075,0.931,-0.142,3.598,-1.341,3.72,964.225,-0.601,0.027,-0.88,-9.939,-7.317,0,480.823,0.93,0.082,0.226,9.085,7.378,-1.585,899.461,235,1,1,1,1,1,1,10,9,2,7
2018-07-09T13:54:52.567544,0.969,-0.058,0.041,-0.488,1.341,-0.122,393.53,-0.491,-0.118,-0.814,-5.61,-2.744,-2.866,8.651,0.076,0.936,-0.156,13.598,-3.415,0.732,964.225,-0.601,0.027,-0.88,-10.061,-3.841,-0.793,480.823,0.944,0.071,0.247,10,3.963,-0.488,899.461,135,1,1,1,1,1,1,10,9,2,7
2018-07-09T13:54:52.617678,0.97,-0.058,0.041,0.488,1.22,-0.183,393.53,-0.503,-0.105,-0.832,-3.78,0.427,-4.573,8.651,0.076,0.936,-0.156,19.146,-3.537,-0.976,964.225,-0.593,0.025,-0.913,-6.707,-1.402,-3.902,480.823,0.944,0.071,0.247,11.28,-0.549,3.293,899.461,195,1,1,1,1,1,1,10,9,2,7
2018-07-09T13:54:52.676334,0.969,-0.058,0.042,-0.305,0.488,0.427,393.53,-0.503,-0.105,-0.832,-5.427,2.073,-5.305,8.651,0.09,0.953,-0.156,1.098,6.585,1.707,964.225,-0.543,0.045,-0.907,0.61,-2.5,-12.622,480.823,0.935,0.085,0.302,0.244,-2.927,11.585,899.461,221,1,1,1,1,1,1,10,9,2,7
2018-07-09T13:54:52.734990,0.969,-0.062,0.039,0.366,0.488,0.488,393.53,-0.507,-0.105,-0.823,-6.28,0,-4.146,8.651,0.088,0.946,-0.157,-12.927,9.939,5.488,964.225,-0.543,0.045,-0.907,-2.378,-5.854,-6.951,480.823,0.911,0.088,0.299,4.939,1.159,9.939,899.461,274,1,1,1,1,1,1,10,9,2,7
2018-07-09T13:54:52.785626,0.969,-0.062,0.039,0.61,1.341,-0.183,393.53,-0.498,-0.112,-0.824,-3.537,-1.037,-4.451,8.651,0.087,0.942,-0.167,9.695,0.488,-0.305,964.225,-0.568,0.063,-0.875,-4.39,-5.061,-5.61,480.823,0.911,0.088,0.299,14.573,5.305,4.085,899.461,212,1,1,1,1,1,1,10,9,2,7
2018-07-09T13:54:52.832250,0.97,-0.057,0.042,0,1.463,-0.732,393.53,-0.498,-0.112,-0.824,-2.378,-2.866,-5.732,8.651,0.087,0.942,-0.167,12.012,8.72,-5.244,964.225,-0.6,0.04,-0.886,-6.585,-1.341,-3.171,480.823,0.931,0.121,0.259,16.829,6.585,-2.256,899.461,119,1,1,1,1,1,1,10,9,2,7
2018-07-09T13:54:52.880879,0.97,-0.057,0.042,-0.366,0.854,-0.549,393.53,-0.497,-0.112,-0.821,-1.707,-4.573,-5.915,8.651,0.082,0.937,-0.168,14.085,10.427,-5.793,964.225,-0.6,0.04,-0.886,-6.159,3.232,-4.756,480.823,0.928,0.09,0.252,8.963,1.159,-7.622,899.461,256,1,1,1,1,1,1,10,9,2,7
2018-07-09T13:54:52.927002,0.968,-0.057,0.044,-0.244,0.488,-0.122,393.53,-0.5,-0.119,-0.816,-0.854,-1.524,-6.037,8.651,0.082,0.937,-0.168,10.915,7.988,-3.841,964.225,-0.587,0.023,-0.896,-1.463,6.707,-7.012,480.823,0.928,0.09,0.252,10.183,-1.951,-5.549,899.461,250,1,1,1,1,1,1,10,9,2,7
2018-07-09T13:54:52.984656,0.968,-0.056,0.041,0,-0.183,0.244,393.53,-0.5,-0.119,-0.816,0.366,-0.488,-5,8.651,0.072,0.935,-0.18,7.805,2.805,-3.902,964.225,-0.587,0.023,-0.896,0.366,5.793,-4.878,480.823,0.934,0.072,0.295,11.829,-4.573,-1.402,899.461,167,1,1,1,1,1,1,10,9,2,7
2018-07-09T13:54:53.061361,0.972,-0.057,0.039,-0.244,-0.183,0.366,393.53,-0.5,-0.124,-0.821,2.378,0.427,-3.415,8.651,0.07,0.943,-0.195,9.573,1.951,-3.354,964.225,-0.566,0.022,-0.902,2.012,6.768,-0.549,480.823,0.94,0.125,0.313,12.439,-4.451,3.293,899.461,202,1,1,1,1,1,1,10,9,2,7
2018-07-09T13:54:53.111995,0.972,-0.057,0.039,-0.427,-0.183,0.305,393.53,-0.509,-0.12,-0.825,2.256,0.183,-2.317,8.651,0.071,0.946,-0.193,7.927,0.183,-2.317,964.225,-0.547,0.023,-0.913,3.537,3.963,0.305,480.823,0.94,0.125,0.313,-0.488,-3.72,3.293,899.461,-72,1,1,1,1,1,1,10,9,2,7
2018-07-09T13:54:53.160715,0.971,-0.059,0.039,-0.549,-0.122,0.183,393.53,-0.506,-0.124,-0.818,1.768,-0.915,0.488,8.651,0.071,0.946,-0.193,3.293,-0.61,-1.646,964.225,-0.545,0.013,-0.91,2.988,2.866,1.951,480.823,0.94,0.135,0.286,-5.61,-0.732,0,899.461,193,1,1,1,1,1,1,10,9,2,7
2018-07-09T13:54:53.208843,0.971,-0.059,0.039,-0.549,-0.061,0.183,393.53,-0.506,-0.124,-0.818,1.829,-1.037,1.951,8.651,0.066,0.939,-0.195,-0.732,-1.341,-0.732,964.225,-0.545,0.013,-0.91,2.744,1.585,3.171,480.823,0.973,0.05,0.324,-0.488,2.927,-2.256,899.461,152,1,1,1,1,1,1,10,9,2,7
2018-07-09T13:54:53.252960,0.97,-0.059,0.037,-0.915,0.427,-0.061,393.53,-0.502,-0.128,-0.817,2.622,-0.793,3.415,8.651,0.066,0.939,-0.195,-0.122,-3.293,0.122,964.225,-0.557,0.014,-0.904,2.256,0.732,4.085,480.823,0.973,0.05,0.324,32.927,17.927,-4.634,899.461,243,1,1,1,1,1,1,10,9,2,7
2018-07-09T13:54:53.314625,0.969,-0.057,0.038,-1.098,0.671,-0.244,393.53,-0.502,-0.128,-0.817,3.232,-0.305,4.512,8.651,0.066,0.939,-0.201,2.439,-7.195,1.037,964.225,-0.56,0.029,-0.907,4.451,-3.293,8.72,480.823,1.02,0.142,0.421,99.634,49.451,-15.366,899.461,-115,1,1,1,1,1,1,10,9,2,7
2018-07-09T13:54:53.370274,0.969,-0.057,0.038,-1.037,0.671,-0.427,393.53,-0.5,-0.121,-0.823,3.171,0,4.878,8.651,0.072,0.938,-0.203,0.854,-6.037,1.28,964.225,-0.56,0.029,-0.907,5.61,-4.573,9.024,480.823,0.955,0.489,0.5,192.744,87.5,-76.22,899.461,-189,1,1,1,1,1,1,10,9,2,7
2018-07-09T13:54:53.413889,0.969,-0.058,0.038,-1.341,-0.122,0.061,393.53,-0.505,-0.112,-0.827,1.524,-1.28,3.963,8.651,0.072,0.938,-0.203,-0.976,-5.183,1.829,964.225,-0.554,0.039,-0.908,5.854,-3.841,6.037,480.823,0.955,0.489,0.5,141.159,102.561,-87.439,899.461,-276,1,1,1,1,1,1,10,9,2,7
2018-07-09T13:54:53.459206,0.971,-0.06,0.036,-0.854,0.061,-0.244,393.53,-0.505,-0.112,-0.827,0.793,-3.11,3.841,8.651,0.081,0.942,-0.199,-4.146,-1.463,2.195,964.225,-0.554,0.039,-0.908,5.549,-1.341,2.683,480.823,0.793,0.527,0.504,69.024,86.707,-94.146,899.461,-147,1,1,1,1,1,1,10,9,2,7
2018-07-09T13:54:53.547441,0.969,-0.056,0.035,-0.488,0.793,-0.732,393.53,-0.502,-0.11,-0.826,-1.28,-4.756,0.61,8.651,0.084,0.941,-0.197,-5.549,4.207,0.366,964.225,-0.551,0.012,-0.908,1.22,1.159,-5.732,480.823,0.639,0.492,0.418,35.366,66.159,-90.488,899.461,59,1,1,1,1,1,1,10,9,2,7
2018-07-09T13:54:53.599079,0.969,-0.056,0.035,-0.366,0.671,-0.427,393.53,-0.506,-0.115,-0.819,-3.72,-4.146,0.976,8.651,0.08,0.941,-0.177,-9.695,4.512,1.585,964.225,-0.551,0.012,-0.908,-0.976,4.085,-6.28,480.823,0.639,0.492,0.418,20.427,58.659,-77.439,899.461,245,1,1,1,1,1,1,10,9,2,7
2018-07-09T13:54:53.661244,0.969,-0.054,0.037,-0.488,0.427,0.061,393.53,-0.507,-0.122,-0.81,-2.5,-2.256,1.28,8.651,0.08,0.941,-0.177,-12.561,5.305,3.415,964.225,-0.566,0.025,-0.889,1.28,6.28,-3.902,480.823,0.675,0.597,0.438,5,56.098,-73.293,899.461,306,1,1,1,1,1,1,10,9,2,7
2018-07-09T13:54:53.716893,0.97,-0.057,0.037,-1.159,0.305,0.366,393.53,-0.507,-0.122,-0.81,0.61,-1.22,2.5,8.651,0.076,0.939,-0.16,-5.549,-1.159,1.707,964.225,-0.566,0.025,-0.889,6.585,7.012,-2.439,480.823,0.543,0.685,0.437,67.073,61.768,-83.659,899.461,259,1,1,1,1,1,1,10,9,2,7
